user_id,Books,Business,Education,Entertainment,Finance,Games,Health&Fitness ,Lifestyle ,Music,Navigation,News,Photo&Video,References ,Shopping,Social_Networking,Travel,Utilities,Weather,infant&mom,sports,cluster
942,555,555,555,555,555,555,555,555,555,555,555,555,555,555,555,555,555,555,555,555,8
772,555,0,555,555,555,555,454,555,555,555,555,555,555,555,555,555,555,555,541,555,12
837,555,0,554,555,555,555,223,555,555,555,555,555,555,555,555,555,555,555,0,555,18
723,555,0,321,555,555,555,0,555,555,555,555,555,555,555,555,555,555,555,221,555,7
667,555,0,555,555,555,555,354,555,555,555,555,334,555,555,555,555,555,555,0,455,18
832,555,0,0,555,555,555,0,555,555,555,555,445,555,555,555,555,555,455,553,555,23
836,555,0,444,555,555,555,345,555,555,555,555,455,555,555,555,555,555,555,0,555,18
521,0,0,0,0,334,555,0,555,332,455,555,0,0,121,555,222,555,0,0,0,13
782,555,0,444,555,555,555,0,555,555,555,555,545,555,555,555,555,555,445,0,555,7
843,544,0,0,555,555,555,0,555,555,555,555,555,554,555,555,555,555,0,0,444,1
516,544,0,0,434,555,544,0,545,455,555,555,0,555,443,555,444,555,223,0,544,4
315,444,0,0,555,323,555,0,454,545,555,555,322,335,433,555,343,555,455,0,555,4
783,555,0,0,555,555,555,0,555,555,555,555,444,555,555,555,555,555,555,0,555,4
979,555,0,445,555,555,555,0,555,555,555,555,431,544,555,555,555,555,555,0,553,7
655,555,0,0,555,555,555,321,555,545,555,344,212,422,443,555,555,555,0,0,555,20
95,122,0,0,324,424,555,0,523,0,554,555,0,0,522,554,222,555,0,0,0,15
225,223,0,0,0,0,552,0,212,0,452,553,0,0,111,552,211,553,0,0,0,13
325,555,0,354,544,333,555,0,554,555,555,555,0,223,554,555,545,555,112,0,223,7
975,555,0,555,555,555,555,0,555,555,555,555,455,555,555,555,445,555,445,553,535,23
755,455,0,0,545,455,555,0,555,555,555,555,455,334,555,555,545,555,555,0,555,4
615,555,0,212,555,555,555,0,555,555,555,555,334,544,555,555,545,555,555,0,544,4
872,534,0,0,555,323,555,0,555,543,555,544,111,0,534,545,334,555,333,0,434,4
712,555,0,113,555,555,555,0,555,555,555,555,443,544,555,555,555,555,555,0,544,4
601,223,0,0,212,445,554,0,555,444,555,554,0,0,553,555,223,555,0,0,0,15
497,533,0,0,444,334,555,0,555,555,555,555,222,0,223,555,555,555,211,0,334,4
718,555,555,134,555,544,555,0,444,555,555,555,444,554,544,555,544,555,223,0,323,8
731,545,0,332,555,444,555,0,445,555,555,345,444,444,345,555,554,555,543,0,224,7
13,544,0,555,555,555,555,0,555,555,555,555,334,545,555,555,555,555,334,0,555,7
397,121,0,0,523,112,555,0,555,445,555,545,122,0,223,545,223,555,233,222,0,15
763,423,0,0,555,555,555,0,555,555,555,555,454,455,455,555,555,555,555,0,312,4
824,555,0,555,555,444,555,0,555,555,555,555,453,454,555,555,444,555,111,0,555,7
793,555,0,223,455,555,555,0,555,555,555,555,555,455,555,555,555,555,434,0,322,7
202,0,0,0,542,223,433,0,544,532,543,554,0,0,111,534,543,544,423,0,0,15
933,334,0,0,334,334,444,0,324,555,555,555,0,334,555,555,334,555,0,0,555,4
626,0,0,0,454,555,455,0,455,554,454,553,0,0,335,554,555,555,555,0,0,9
48,555,0,111,555,322,555,0,555,545,555,555,323,323,555,555,444,555,555,0,444,4
990,555,0,0,555,555,555,0,555,555,555,555,222,555,555,555,545,555,344,0,233,4
433,0,0,0,432,0,433,0,323,111,434,554,554,111,212,533,0,444,0,0,0,3
988,324,0,312,555,444,555,0,555,554,555,555,234,555,555,555,555,555,555,0,444,7
840,222,0,0,543,111,434,0,434,423,323,533,222,333,533,543,222,522,0,0,111,24
179,111,0,0,544,444,555,0,554,344,555,555,552,324,545,555,444,555,343,0,323,4
47,443,0,0,445,533,555,433,555,555,555,555,0,555,433,555,554,545,0,0,312,20
288,553,0,112,555,445,555,0,555,444,455,555,0,444,555,555,555,555,232,0,555,4
733,534,0,0,444,555,555,0,555,555,555,555,454,555,554,555,554,555,544,0,555,4
602,455,0,0,555,554,445,0,555,445,555,545,111,555,444,555,545,555,344,0,444,4
262,0,0,0,322,0,543,0,431,221,423,542,554,332,0,532,111,532,0,0,0,13
138,555,0,0,555,454,555,0,555,555,555,555,122,334,555,555,554,555,444,0,444,4
624,554,241,0,545,544,554,0,555,555,555,555,532,445,544,555,544,555,332,0,443,8
764,445,0,555,445,555,555,0,555,555,555,445,455,445,555,555,444,555,434,0,223,7
63,534,0,0,543,544,333,0,554,554,534,544,532,344,323,534,344,543,555,0,0,9
754,222,0,0,553,223,544,0,552,554,554,534,543,223,131,554,333,544,112,0,555,1
722,555,0,0,555,555,555,0,555,555,555,445,555,555,445,555,555,555,445,0,455,4
396,424,0,544,545,344,555,0,555,434,555,555,0,224,555,555,544,555,0,0,123,7
765,455,0,0,344,555,555,0,555,555,555,434,555,555,334,555,555,555,333,0,433,1
11,555,0,0,545,554,555,0,555,555,555,555,333,444,555,555,444,555,433,0,323,4
474,423,0,0,444,554,555,0,544,555,545,545,0,233,424,555,324,555,533,0,121,4
57,435,0,0,555,223,545,543,544,444,545,555,122,232,544,555,545,455,555,0,555,20
779,434,0,0,444,544,555,0,555,555,545,434,444,455,444,555,454,544,111,0,444,1
174,555,0,0,555,343,555,0,555,555,555,555,432,344,544,555,555,555,555,0,555,4
511,0,0,0,554,0,221,0,443,0,552,553,0,0,554,532,111,552,0,0,0,15
815,555,0,0,455,445,555,0,555,555,555,334,554,455,555,555,555,555,323,0,334,1
802,544,0,111,544,532,544,0,555,534,554,555,434,544,543,544,555,544,553,0,444,4
69,555,0,0,545,433,555,0,555,444,555,544,111,333,344,555,444,555,445,0,444,4
777,544,0,344,454,544,554,0,554,555,554,545,333,543,544,554,554,554,0,0,354,7
190,555,0,0,555,542,545,0,555,444,555,554,0,333,555,554,444,555,234,0,232,4
839,444,0,433,554,454,555,0,445,555,555,434,555,554,545,555,555,555,433,0,122,7
112,0,0,0,555,111,533,0,444,334,554,555,111,112,111,544,544,544,0,0,555,15
973,112,0,332,545,422,545,0,543,444,444,554,211,323,333,555,444,444,534,0,444,7
941,0,0,0,555,243,555,0,554,455,555,444,0,424,555,555,434,555,554,0,223,9
746,455,0,0,554,444,555,0,555,555,455,345,543,343,554,555,555,555,112,0,333,1
819,354,0,0,545,344,554,0,555,555,555,444,332,334,544,555,555,554,454,0,111,4
759,323,0,0,433,445,545,0,354,444,544,555,444,445,334,545,444,544,555,0,111,9
798,344,0,0,555,555,555,0,555,555,555,555,555,455,445,555,555,555,555,0,344,4
834,434,0,0,445,345,555,0,555,444,445,434,555,455,332,555,555,455,223,0,111,1
838,555,0,0,445,555,555,0,555,555,555,455,555,455,455,555,555,455,0,0,322,1
766,445,0,222,111,455,554,0,444,555,555,434,555,555,423,555,555,555,0,0,0,1
982,544,0,0,555,455,445,0,434,555,445,445,345,555,444,555,555,444,223,0,234,1
568,111,0,0,453,442,543,0,543,532,543,432,0,0,111,543,333,543,435,0,0,9
891,555,0,0,555,434,555,111,555,455,555,555,433,455,545,555,555,555,222,0,555,4
705,555,0,0,455,445,555,0,555,555,555,555,211,334,454,555,344,555,333,0,554,4
18,544,0,0,534,434,544,0,434,544,534,555,212,432,444,544,533,544,555,0,232,4
477,0,0,0,0,0,343,0,333,121,233,222,0,0,0,553,112,344,0,0,0,19
993,111,0,555,222,455,544,344,555,544,555,434,0,223,434,544,334,554,444,0,434,18
211,442,0,0,555,555,555,0,555,555,555,555,0,423,555,555,555,555,0,0,555,4
946,533,0,0,555,555,555,0,555,434,555,555,433,222,444,555,334,555,0,0,322,1
8,444,0,0,555,333,555,0,454,555,555,555,222,211,455,555,555,555,555,445,555,23
894,223,0,0,344,554,344,0,433,344,544,545,0,522,524,555,434,555,222,0,344,4
790,555,0,444,555,455,555,0,555,555,555,545,555,455,555,555,555,555,555,0,445,7
28,344,0,143,555,455,455,334,555,555,555,555,345,542,555,555,455,555,334,0,455,20
799,543,0,0,111,223,421,0,521,444,521,112,543,122,541,421,543,521,0,0,0,1
952,544,0,233,555,454,555,0,555,555,555,555,445,323,555,555,555,555,0,0,545,1
235,542,0,0,455,555,555,0,455,334,455,455,0,345,333,555,555,555,222,0,445,4
444,434,0,0,544,112,444,0,433,344,545,544,222,435,442,544,434,544,111,0,0,24
306,444,0,0,545,544,555,0,544,555,555,555,332,444,434,455,434,555,322,0,554,4
522,333,0,0,555,555,555,0,555,555,555,555,111,345,555,555,545,555,555,0,0,4
438,442,0,223,344,433,544,0,544,544,534,443,223,0,455,534,323,544,222,0,0,7
61,111,0,555,423,111,434,0,444,554,544,433,0,522,333,544,222,554,0,0,112,16
691,555,0,0,544,535,445,0,555,443,555,545,111,111,544,544,334,545,344,0,444,4
665,332,0,0,534,422,555,0,555,322,524,545,0,553,545,534,434,534,344,0,223,4
742,555,0,0,434,444,554,0,454,555,554,444,555,554,555,555,555,554,544,0,445,4
676,554,0,0,545,555,555,555,555,334,555,555,111,543,555,555,555,555,455,0,555,20
208,212,0,0,544,554,455,0,555,444,555,555,121,544,554,555,555,555,354,0,211,4
800,344,0,0,333,223,445,555,445,543,545,544,223,533,455,555,555,445,0,0,233,20
548,112,334,111,554,543,443,0,443,554,544,554,322,243,333,544,444,543,111,0,554,8
77,0,0,0,454,455,555,541,443,222,555,445,0,552,333,555,555,455,111,0,0,20
65,445,0,0,434,443,435,0,534,555,445,555,333,534,445,555,545,545,445,0,444,4
897,122,0,0,444,554,111,0,0,112,553,211,0,111,453,542,111,552,0,0,555,21
750,212,0,0,445,444,455,0,555,444,555,444,443,232,344,555,555,455,555,0,0,9
943,555,0,0,445,334,555,0,555,444,555,555,544,344,555,555,544,455,0,0,444,1
806,444,0,0,544,444,445,111,555,445,455,555,344,232,555,555,544,455,555,0,234,4
854,0,0,0,344,121,555,0,555,444,554,544,0,0,454,554,533,554,0,0,555,15
999,544,0,0,555,455,555,0,555,555,555,435,545,534,554,555,444,545,334,0,434,1
25,112,0,0,555,243,533,0,432,445,533,323,311,222,211,543,334,433,422,0,0,9
537,111,0,0,554,111,555,0,323,223,554,355,344,554,332,444,555,544,0,0,0,24
995,444,0,211,544,544,544,0,545,555,445,434,555,345,344,555,444,545,534,0,455,4
434,0,0,0,111,121,554,0,233,332,453,554,0,0,0,443,312,554,0,0,423,13
34,0,0,0,455,555,344,0,555,555,555,555,0,555,444,555,555,554,122,0,333,4
660,211,0,0,555,343,545,0,445,555,445,445,222,334,555,555,545,545,334,0,344,4
639,222,0,0,234,554,233,0,333,212,554,222,0,111,222,443,322,553,122,111,555,21
479,312,0,0,335,455,555,0,545,455,555,555,243,111,555,555,444,555,544,334,111,23
279,223,0,0,553,545,434,0,444,433,554,223,0,555,444,443,334,554,111,0,0,24
734,455,0,0,324,455,555,0,345,555,555,355,555,555,555,555,555,555,112,0,234,1
609,443,0,244,555,434,554,122,454,455,555,555,0,444,343,554,554,555,555,0,554,4
774,445,0,0,434,555,444,0,444,555,555,555,444,445,232,555,444,544,0,0,555,1
741,333,0,0,334,444,533,0,543,534,433,544,545,434,434,544,544,433,555,0,323,4
192,0,0,0,552,121,232,0,543,543,432,332,0,0,233,432,233,542,0,0,0,15
171,223,0,0,554,0,111,0,111,0,552,111,0,0,0,452,0,552,0,0,0,11
241,0,0,0,553,111,454,0,232,111,542,211,0,0,122,432,554,543,223,0,0,15
42,323,0,0,555,434,555,0,544,544,455,454,0,543,454,555,555,555,323,0,454,4
992,232,0,0,455,554,455,0,555,544,555,545,222,433,534,555,545,555,222,444,122,23
767,444,0,0,444,333,445,0,434,544,544,445,444,354,455,555,444,444,354,0,534,4
223,555,111,222,455,444,455,0,544,555,555,445,232,433,444,555,434,555,343,0,111,7
739,444,0,111,324,554,544,0,544,555,544,434,554,555,323,545,443,534,0,0,445,1
826,555,0,0,433,444,553,0,433,544,543,533,555,554,444,443,554,543,121,0,333,1
974,232,0,0,332,0,445,0,554,555,555,445,0,554,322,555,434,555,0,0,543,24
27,544,0,0,555,555,555,0,545,544,555,455,345,121,333,445,323,555,0,0,445,1
32,555,0,0,445,555,555,0,555,555,545,555,0,445,433,455,455,455,111,0,111,4
769,455,0,0,455,433,554,0,555,455,554,554,443,444,444,454,454,554,332,0,243,4
274,0,0,0,111,111,512,0,533,511,323,522,0,111,512,543,111,523,0,0,0,13
30,321,0,0,222,223,444,0,544,544,553,552,0,321,322,544,343,554,0,0,0,24
406,543,0,0,453,344,222,0,522,543,544,333,543,353,542,433,332,543,121,0,0,1
784,0,0,0,243,242,454,0,454,454,554,542,332,121,333,444,444,554,0,0,121,15
776,444,0,0,533,543,444,0,333,444,533,554,444,543,544,544,343,533,0,0,223,1
336,423,0,0,454,443,554,0,454,334,554,444,0,0,433,555,544,554,323,0,554,4
46,344,0,0,343,433,544,0,444,444,544,333,0,0,334,544,555,544,532,0,555,4
752,422,0,0,455,334,444,0,544,445,445,555,445,232,555,555,555,444,434,0,434,4
670,555,0,0,434,555,445,0,554,555,555,444,311,545,343,555,445,555,555,0,222,4
796,344,0,0,444,345,444,0,555,543,555,322,334,334,232,544,344,454,232,0,0,9
407,112,0,0,334,555,544,0,445,442,545,555,111,344,444,544,544,544,433,0,0,9
84,0,0,0,233,0,544,0,321,323,533,423,334,544,112,423,545,534,0,0,545,6
809,554,0,411,223,444,555,224,454,555,455,555,455,555,545,555,555,555,443,0,234,18
760,332,0,323,544,443,544,0,533,545,434,433,543,232,444,544,455,433,444,0,443,7
778,343,0,0,442,443,453,0,332,442,443,343,454,453,232,554,555,343,0,0,522,1
757,533,0,0,444,444,444,0,444,555,444,544,543,544,432,555,555,445,432,0,0,9
761,444,0,0,444,455,554,0,555,555,554,233,555,555,231,455,555,454,0,0,0,1
20,532,0,0,555,323,544,0,544,455,555,545,333,554,555,455,445,555,555,444,343,23
442,334,0,0,334,422,455,0,455,211,555,555,555,112,231,445,233,455,545,0,0,9
954,0,0,0,444,111,544,0,444,555,554,543,111,432,555,444,555,443,433,0,111,9
22,222,0,554,444,344,555,0,555,444,554,423,111,332,445,554,544,544,555,0,324,7
533,554,0,333,224,0,333,0,455,121,333,532,0,0,122,555,0,543,0,0,0,16
207,333,0,0,555,323,455,0,555,334,555,555,111,455,555,555,555,455,554,0,323,4
852,434,0,0,444,332,444,0,555,333,534,534,321,132,544,444,332,534,444,0,232,4
43,0,0,0,445,555,455,0,545,555,455,555,0,423,555,555,444,555,111,0,353,4
80,445,0,0,344,445,445,421,555,543,455,445,222,443,333,555,433,445,344,0,443,20
841,532,0,0,555,333,445,0,444,555,545,444,544,222,555,555,445,544,0,0,555,1
515,121,0,345,111,555,343,0,434,232,544,555,111,553,553,444,334,554,334,0,0,7
976,453,0,111,555,555,444,0,554,455,544,544,111,532,543,444,443,544,334,0,554,4
49,555,0,323,333,555,555,0,555,555,455,555,433,533,554,455,333,555,0,0,545,7
835,334,0,0,443,334,554,0,323,434,343,454,434,334,555,554,554,554,445,0,311,4
842,445,0,0,455,555,555,0,555,555,455,355,555,455,454,555,555,454,0,0,0,1
377,334,0,0,552,532,221,0,222,233,543,543,0,0,112,555,112,532,0,0,0,2
953,0,0,0,554,553,444,0,554,444,554,545,0,111,555,444,555,444,555,0,443,4
829,344,0,0,111,434,554,0,233,555,453,222,555,555,232,454,554,453,443,0,455,1
811,434,0,0,223,344,433,0,443,554,323,333,544,444,333,543,444,422,0,0,222,1
371,444,0,0,555,555,555,0,445,445,455,455,223,345,555,555,445,555,323,0,0,4
749,434,0,0,534,455,544,0,445,555,545,444,555,354,323,555,554,444,223,0,434,1
339,243,0,343,555,554,455,233,555,455,555,555,433,333,555,455,333,455,0,0,234,18
726,455,0,0,555,334,455,0,445,444,444,344,445,422,555,555,555,344,344,0,555,1
650,211,0,0,222,111,442,0,222,321,553,554,0,554,111,442,453,553,555,0,0,9
822,333,0,0,444,331,434,0,443,333,434,333,322,122,434,544,435,333,0,0,111,6
781,555,0,0,324,222,223,0,433,333,523,433,544,223,543,443,334,533,0,0,334,1
684,211,0,0,544,212,555,0,554,543,453,434,454,555,0,553,333,454,232,0,0,9
768,333,0,0,344,344,443,0,433,555,444,555,443,444,343,554,454,433,0,0,112,1
960,323,0,121,555,223,445,0,555,433,545,545,222,334,555,455,455,545,555,0,333,4
890,554,0,0,433,111,544,0,433,344,533,432,0,0,233,444,333,533,111,0,0,2
756,444,0,0,445,543,445,0,434,555,445,545,444,545,445,555,334,334,323,0,323,1
950,221,0,0,222,554,444,0,544,543,544,323,0,322,333,433,333,543,354,0,111,9
785,555,0,0,333,455,554,0,444,555,444,234,555,555,444,554,555,443,0,0,412,1
780,445,0,424,222,454,554,0,444,554,344,323,555,455,222,554,554,343,332,0,342,7
100,0,0,0,0,232,555,0,443,333,532,554,0,0,0,432,232,542,111,0,0,13
914,555,0,0,454,0,122,0,233,321,455,555,0,0,454,555,243,455,234,0,0,2
209,432,0,0,555,0,455,0,555,222,555,455,0,421,111,355,555,455,211,0,0,24
804,445,0,0,555,233,445,0,445,455,345,344,334,232,344,555,333,344,351,0,333,9
848,221,0,0,423,222,121,0,121,433,322,222,0,333,311,542,111,221,0,0,0,3
481,234,0,0,222,213,533,0,543,355,444,454,0,0,334,444,543,555,0,0,0,15
425,0,0,0,0,0,543,0,222,322,432,543,0,0,232,432,223,543,212,0,0,13
187,0,0,0,542,0,111,0,221,321,521,111,0,0,0,421,0,521,0,0,0,11
678,434,0,0,323,212,523,112,312,432,423,555,0,111,433,443,423,423,432,0,333,5
964,455,0,0,554,555,555,0,455,445,445,345,122,233,554,555,545,445,111,0,112,4
927,545,0,0,435,334,445,0,555,323,455,555,0,555,555,455,555,555,223,0,333,4
591,212,0,0,0,0,554,0,231,112,453,555,0,0,121,443,221,554,0,0,221,13
552,243,0,0,323,211,333,0,322,233,444,444,111,212,554,554,222,433,324,0,544,21
788,445,0,0,333,443,455,0,454,455,454,344,455,553,444,555,455,355,342,0,455,1
330,0,0,0,542,0,542,0,543,0,542,453,0,0,111,432,0,421,0,0,0,15
347,333,0,0,435,333,444,0,444,444,434,334,434,111,533,554,443,444,223,0,533,1
458,0,0,0,554,322,332,0,433,445,334,333,0,0,222,544,232,434,0,0,223,15
26,0,0,0,544,333,554,0,555,444,554,454,111,554,453,444,455,444,311,0,0,9
696,0,0,0,0,0,543,0,554,111,421,554,0,0,553,433,233,543,0,0,0,13
828,555,0,0,555,333,333,0,454,333,333,455,111,111,332,544,222,333,543,0,132,2
14,233,0,0,544,112,455,0,555,344,444,554,0,332,444,454,555,434,0,0,444,24
74,434,0,0,333,111,445,0,212,332,344,233,0,111,232,544,454,434,0,0,234,24
571,112,0,0,555,544,545,0,435,544,555,444,234,555,222,455,433,555,435,0,434,4
523,0,0,0,121,334,432,0,243,231,454,555,0,0,0,443,111,554,334,0,0,13
820,344,0,0,354,434,454,0,444,543,455,555,554,455,454,454,555,444,0,0,222,1
758,434,0,0,323,344,554,0,554,555,434,445,455,455,333,455,444,433,545,0,0,9
737,434,0,0,224,333,444,0,554,434,443,543,333,223,543,444,444,433,0,0,111,1
196,0,0,0,543,111,554,0,554,232,553,454,0,0,221,343,444,554,0,0,0,15
682,433,0,0,433,344,455,0,544,323,544,544,222,443,333,444,433,544,544,0,112,9
264,555,0,0,542,0,111,0,211,0,543,111,0,0,112,222,0,543,0,0,0,11
847,343,0,0,345,0,212,0,222,112,123,122,0,0,455,543,232,223,0,0,222,17
78,231,0,0,344,454,454,211,555,455,555,334,0,322,443,455,444,455,221,0,341,20
738,333,0,0,445,454,444,0,554,555,444,545,345,323,555,555,444,344,223,0,555,4
898,342,0,0,212,0,122,0,122,323,532,542,0,0,111,422,111,532,334,0,0,3
79,554,0,0,454,444,544,432,555,333,544,344,0,212,555,444,455,444,0,0,112,20
206,423,0,333,455,455,455,0,555,555,455,455,0,355,444,455,555,455,222,0,333,7
805,324,0,0,344,455,455,0,444,555,455,455,445,455,343,455,555,344,444,0,111,9
44,0,0,0,334,323,554,0,555,343,544,534,0,334,232,444,555,544,555,0,111,9
583,0,0,0,122,0,555,0,523,555,445,555,0,0,0,445,0,455,121,0,0,13
830,444,0,0,343,445,555,0,444,555,554,444,454,555,454,444,555,454,0,0,455,1
951,333,0,0,433,344,444,0,555,445,344,333,0,455,323,554,433,334,0,0,553,24
41,0,0,131,222,323,335,0,444,333,534,432,0,544,0,543,111,434,0,0,0,24
792,344,0,411,333,444,454,0,555,444,454,434,554,553,454,444,554,454,222,0,333,7
732,343,0,0,443,211,444,0,443,333,443,454,334,311,323,544,333,433,0,0,555,6
673,344,0,533,435,344,545,0,445,555,445,445,0,445,443,445,555,445,454,0,0,7
9,443,0,0,455,334,445,0,555,444,445,534,222,322,555,445,434,445,555,0,223,4
222,122,0,0,334,112,232,0,533,234,523,324,0,0,224,413,332,524,0,0,241,15
585,0,0,0,344,342,553,0,553,343,553,554,0,0,111,333,555,444,0,0,434,15
594,222,0,0,344,343,444,0,554,444,555,555,0,335,554,454,343,445,0,223,121,24
618,243,0,0,555,0,112,0,133,454,443,543,0,0,554,333,0,543,0,0,0,3
476,112,0,0,554,0,111,0,111,454,122,111,0,0,0,532,111,322,0,0,0,11
817,445,0,0,444,444,445,0,434,555,455,334,555,445,444,455,555,445,0,0,333,1
904,0,0,0,555,112,455,0,344,324,445,455,0,222,555,445,222,455,455,0,0,5
66,334,0,544,544,555,334,0,344,344,454,445,223,555,444,445,455,444,555,0,111,7
818,455,0,0,334,232,455,0,545,444,444,434,543,453,555,445,343,555,0,0,445,1
99,112,0,0,0,0,334,0,343,222,555,555,0,0,0,444,111,233,445,0,0,13
527,0,0,0,111,0,111,0,122,533,534,111,0,212,112,313,335,524,111,0,0,19
997,211,0,0,334,443,443,0,544,455,544,444,221,112,422,444,221,443,555,0,0,9
807,222,0,0,523,444,344,0,444,555,444,444,332,322,344,444,344,444,0,0,344,1
0,534,0,422,445,545,444,0,555,555,455,434,0,234,454,455,555,455,233,0,223,7
51,0,0,244,122,532,543,0,344,555,433,443,0,0,343,333,232,543,0,0,0,16
75,211,0,0,211,0,323,0,111,532,411,211,0,0,0,432,0,421,0,0,0,3
814,433,0,0,455,444,454,0,545,455,455,455,443,344,555,455,555,455,0,0,111,1
656,332,0,0,111,111,543,0,553,333,432,342,0,222,332,432,222,442,554,0,442,5
786,454,0,0,343,454,453,0,443,454,454,444,555,554,443,454,555,453,534,0,0,9
270,554,0,0,554,111,342,0,112,0,442,544,0,0,111,433,543,444,122,0,0,2
421,433,0,322,212,231,544,0,554,334,444,445,0,333,555,444,334,434,442,0,554,7
324,233,0,0,223,442,312,0,433,453,443,555,0,111,421,454,433,332,111,0,0,2
247,0,0,0,111,0,555,0,455,554,345,234,0,235,335,345,555,455,0,0,0,15
386,221,0,0,332,222,333,0,333,554,544,553,0,343,311,444,132,433,222,0,0,24
934,121,0,0,533,111,345,0,444,222,435,445,111,433,545,445,444,445,454,0,222,9
932,222,0,0,534,223,434,0,434,444,434,444,334,323,444,444,344,434,433,0,233,9
354,233,0,0,445,231,434,0,534,333,545,455,0,245,243,445,111,445,0,0,232,24
575,222,0,0,545,123,433,0,222,122,544,445,0,0,121,443,422,444,0,334,0,23
64,434,0,0,333,243,443,543,443,444,444,443,0,433,343,444,443,444,454,0,323,20
740,434,0,0,443,334,445,0,334,444,333,234,544,445,444,554,444,324,0,0,455,1
36,222,0,0,434,343,555,0,555,333,444,444,332,533,555,444,344,344,444,0,233,9
627,122,0,0,234,131,243,0,233,223,133,554,0,234,0,453,122,554,111,0,111,3
823,333,0,0,344,334,444,0,555,455,544,234,444,453,222,444,443,444,333,0,343,9
560,0,0,0,221,221,512,0,422,521,323,322,0,222,511,443,333,433,344,0,0,5
404,333,0,0,455,233,444,0,433,455,444,444,0,434,444,444,333,445,444,0,555,4
762,323,0,0,211,223,333,0,222,332,312,213,544,224,111,444,344,422,222,0,0,6
813,433,0,0,444,323,453,0,432,554,343,444,454,452,444,444,555,342,443,0,434,4
871,0,0,0,224,222,433,0,544,111,422,511,0,0,211,422,111,422,0,0,0,13
204,412,0,0,554,555,443,0,444,433,444,555,0,0,433,444,334,444,111,0,0,2
662,445,0,0,354,335,455,455,435,445,455,444,223,211,555,455,555,445,223,0,0,20
958,111,0,0,534,533,543,0,444,434,444,444,0,421,444,444,554,443,555,0,322,4
630,453,0,0,454,334,444,223,454,455,355,445,222,344,543,454,334,555,344,331,555,23
129,222,0,0,443,0,332,0,443,433,443,553,444,0,0,433,543,333,0,0,434,6
379,223,0,0,542,111,542,0,553,333,455,455,222,335,333,333,333,444,112,0,0,24
931,322,0,0,234,442,545,0,345,332,454,334,212,442,345,445,323,434,455,0,554,9
469,344,0,0,112,455,555,0,345,344,455,455,0,324,333,455,344,555,322,0,0,24
470,111,0,0,433,521,333,0,434,443,455,434,111,555,324,455,554,455,444,0,111,9
132,0,0,0,111,112,555,0,343,111,533,544,0,0,321,322,221,112,0,0,0,13
248,555,0,0,523,111,445,0,445,343,445,455,0,0,223,445,223,555,0,0,0,2
363,0,0,0,111,0,455,0,322,543,445,543,0,0,0,445,443,455,0,0,0,13
773,343,0,0,343,322,454,0,443,444,422,543,432,442,543,443,433,432,0,0,0,1
770,222,0,0,334,343,444,0,534,455,433,433,432,443,333,433,432,433,0,0,332,1
948,555,0,0,433,212,444,0,455,444,444,344,0,422,232,444,434,334,212,0,111,24
369,0,0,0,355,121,553,0,344,221,334,343,0,121,223,443,222,444,0,0,0,15
71,122,0,0,555,333,333,0,223,343,333,445,222,344,443,444,334,224,333,0,111,5
3,111,0,455,222,554,443,111,555,445,444,333,111,122,444,444,232,444,445,0,233,7
121,111,0,0,0,332,543,0,432,233,444,543,0,0,111,333,111,434,0,0,342,13
981,345,0,0,555,435,445,0,433,455,345,444,0,222,455,455,444,445,454,0,334,4
391,111,0,0,112,555,123,0,334,232,444,123,0,0,223,333,111,444,0,0,555,21
253,122,0,0,212,111,223,0,233,233,123,554,111,111,334,444,322,444,234,0,111,3
156,422,0,0,554,0,111,0,211,222,432,211,0,0,0,332,0,432,334,0,0,11
735,554,0,0,343,111,444,0,333,322,333,444,332,422,454,444,545,343,0,0,323,6
864,222,0,0,323,343,334,0,334,445,444,434,221,333,222,444,223,444,541,0,555,9
29,323,0,0,443,555,455,0,555,222,444,444,0,0,555,444,455,444,0,0,444,15
659,211,0,0,342,554,444,0,443,434,444,345,0,543,444,334,444,434,343,0,111,9
472,0,0,0,111,334,322,0,434,211,442,553,0,0,123,332,222,442,0,0,555,21
686,111,0,532,333,222,334,0,433,433,422,433,111,233,344,433,444,322,544,0,111,16
694,323,0,0,323,324,443,0,344,555,333,444,0,322,322,354,223,555,0,0,411,24
729,334,0,0,545,555,335,0,445,455,445,455,335,455,545,345,445,345,234,0,223,9
969,422,423,0,555,544,434,0,444,444,334,334,0,344,434,444,344,444,0,544,333,8
351,555,0,0,343,423,333,0,444,222,455,433,0,112,0,344,222,455,0,0,0,2
956,323,0,0,535,332,433,0,534,433,322,322,121,133,212,323,545,423,111,0,411,6
221,0,0,0,233,221,324,0,323,545,433,334,0,321,422,434,223,444,454,0,0,5
859,233,0,0,344,0,332,0,111,542,453,554,0,0,455,332,122,332,0,0,122,3
257,0,0,0,555,111,543,0,444,431,444,443,0,0,111,333,442,454,0,0,0,15
895,0,0,0,455,0,223,0,234,111,334,221,0,0,455,444,111,234,0,0,554,22
797,111,0,455,223,344,434,0,444,455,334,334,222,444,433,444,333,423,0,0,322,16
728,223,0,131,433,334,344,344,444,443,444,332,343,543,334,433,444,333,0,0,0,20
53,344,0,0,443,232,344,0,334,544,334,544,212,443,555,333,334,444,545,0,233,9
991,333,0,0,345,444,334,0,445,455,234,444,334,454,333,445,323,334,334,0,222,9
748,433,0,0,211,423,342,0,322,542,432,312,553,453,333,443,453,331,0,0,343,6
994,323,0,331,233,444,445,0,334,343,244,554,0,0,334,444,455,234,353,0,223,16
322,555,0,0,543,0,212,0,232,111,542,332,0,0,323,322,111,442,0,0,211,3
105,554,0,0,443,111,111,0,111,223,342,322,0,0,111,443,322,442,0,0,123,3
2,232,0,0,232,0,223,0,112,444,112,122,0,0,0,443,343,332,0,0,531,22
362,344,0,0,222,221,554,0,554,232,344,343,0,344,555,344,112,454,0,0,0,24
486,0,0,0,111,521,212,0,422,432,443,322,0,0,111,444,0,313,0,0,0,3
304,345,0,0,422,212,323,0,334,223,445,545,0,0,232,334,232,445,321,0,0,2
935,223,0,0,555,112,434,0,544,122,323,323,0,312,444,444,444,423,223,0,122,24
789,323,0,0,234,445,444,0,555,433,344,212,322,555,322,444,444,444,0,0,332,6
899,0,0,0,453,0,221,0,111,111,342,543,543,324,553,442,111,342,0,0,0,3
944,334,0,0,434,111,334,0,223,333,333,333,231,442,233,444,443,233,0,0,0,6
605,111,0,0,445,212,422,0,453,434,443,233,0,222,111,433,533,443,0,0,355,15
10,555,0,0,233,534,443,0,433,545,434,123,0,0,232,434,455,434,0,0,0,2
135,343,0,0,555,323,333,0,432,454,444,554,0,0,0,333,543,333,0,0,455,2
463,0,0,0,111,0,534,0,443,322,422,322,0,0,443,322,532,432,0,0,0,15
152,0,0,0,554,433,212,0,112,111,432,344,0,111,0,333,445,433,0,0,0,11
131,0,0,0,211,0,333,0,343,233,443,555,0,0,0,322,111,111,0,0,0,3
519,111,0,0,455,555,344,0,444,111,444,455,0,0,111,444,355,354,0,555,0,23
983,422,0,0,455,454,445,0,434,555,345,445,323,223,234,455,344,234,544,0,333,9
175,0,0,0,552,0,111,0,111,111,431,0,0,0,111,321,112,431,0,0,232,11
256,454,0,0,543,232,433,0,343,544,333,444,0,112,543,333,434,433,0,0,555,24
236,222,0,0,332,534,333,0,343,543,444,233,0,544,543,333,434,444,0,0,555,6
412,111,0,0,531,221,422,0,532,322,422,322,0,0,0,322,554,312,323,0,0,15
524,445,0,0,324,312,334,0,422,211,434,554,0,211,311,333,0,434,0,0,0,2
446,0,0,0,111,222,223,0,222,332,544,432,0,0,222,332,323,433,0,0,0,13
250,0,0,0,435,111,444,0,321,434,434,444,0,424,434,334,222,434,0,222,0,24
35,0,0,0,224,545,335,0,545,544,445,222,0,555,0,334,331,445,555,0,555,21
970,111,0,0,334,544,455,0,455,545,444,212,0,212,343,333,322,323,331,0,222,21
96,0,0,0,455,223,443,0,442,332,444,554,111,0,0,333,332,233,0,0,243,15
496,0,0,0,355,455,444,0,555,455,355,355,0,112,545,345,234,455,112,0,0,15
5,322,0,0,221,111,332,0,111,444,221,332,0,0,332,443,443,442,0,0,341,21
998,212,0,0,122,443,455,0,344,334,334,455,111,224,444,445,555,345,544,0,223,5
453,0,0,0,111,0,312,0,311,221,434,433,0,0,0,323,0,434,332,0,0,13
846,233,0,0,533,432,222,0,111,544,434,544,112,343,322,334,311,334,223,0,112,2
305,533,0,0,323,223,544,0,434,333,323,434,111,111,544,333,334,444,555,0,141,5
98,0,0,0,223,111,321,0,432,442,332,544,0,0,0,333,534,312,555,0,111,5
441,554,0,0,344,111,334,0,455,433,455,455,0,533,335,345,111,445,345,455,0,23
15,0,0,223,554,555,222,0,222,332,444,443,344,343,443,333,444,443,311,0,122,9
810,423,0,0,332,333,333,0,332,445,323,323,333,233,233,443,433,342,0,0,444,6
719,111,0,0,212,421,222,0,334,111,442,443,0,0,0,333,0,444,111,0,0,3
664,0,0,0,444,555,334,0,423,221,333,334,0,0,111,434,323,333,223,0,0,21
513,0,0,0,111,0,445,0,454,444,222,453,0,0,223,333,554,443,0,0,0,15
147,0,0,0,424,321,444,0,443,312,434,553,0,424,112,322,222,433,0,0,0,24
6,434,0,0,233,433,334,0,322,332,222,442,0,111,442,443,442,222,111,0,423,21
641,544,0,0,433,0,454,0,333,454,454,233,0,222,555,333,212,454,111,0,0,24
677,111,0,0,343,0,444,0,454,212,323,434,0,0,0,333,555,434,455,0,221,15
949,111,0,0,445,232,555,0,323,333,223,233,0,123,455,434,444,223,331,0,322,5
586,0,0,0,221,0,112,0,333,111,322,332,0,0,0,432,0,422,0,0,0,3
747,355,0,0,122,444,454,0,333,554,343,233,455,554,112,344,454,343,222,0,433,6
456,345,0,0,122,313,534,0,534,334,345,355,234,235,111,335,344,345,342,0,111,5
72,354,0,0,221,0,333,0,332,333,432,443,111,531,453,332,333,333,555,0,0,5
787,333,0,0,223,221,343,0,343,312,322,433,323,322,454,432,333,422,0,0,0,6
577,322,0,455,324,233,333,0,354,444,333,343,0,112,211,443,434,333,0,0,342,16
24,454,0,0,554,554,454,0,343,343,443,334,0,343,344,343,455,343,344,0,122,9
573,0,0,0,555,445,233,0,233,344,455,335,455,345,333,355,555,455,0,445,0,23
727,322,0,0,122,333,432,0,542,333,322,322,0,111,332,432,332,221,222,0,231,21
401,0,0,0,221,211,432,0,233,434,443,433,0,542,555,322,221,432,0,0,112,24
92,322,0,0,454,555,344,0,454,433,433,444,0,0,0,333,455,333,233,0,0,2
987,332,0,0,432,331,434,0,333,0,322,213,0,222,444,443,222,322,111,0,323,21
67,444,0,0,334,444,324,0,222,443,223,222,0,522,0,444,0,323,0,0,0,24
957,545,0,0,433,122,445,0,444,233,223,434,0,111,233,433,443,323,0,0,342,24
724,322,0,0,443,433,433,0,233,444,443,223,443,444,222,343,442,322,0,0,321,6
996,341,0,242,333,243,333,0,323,344,222,323,112,343,434,443,233,222,555,0,224,5
658,0,0,0,334,444,433,0,443,111,333,111,0,111,0,443,111,332,554,0,0,14
685,0,0,0,221,0,444,0,444,111,323,434,0,0,0,333,555,433,455,0,111,15
937,211,0,0,432,433,433,0,333,444,222,323,223,444,544,433,333,212,322,0,322,5
902,0,0,0,334,0,422,0,212,424,322,111,0,441,543,322,533,433,0,0,334,6
977,112,0,0,333,533,423,0,433,533,322,323,221,111,333,333,223,322,444,0,311,21
924,111,0,0,345,0,122,0,111,0,343,454,0,0,455,443,0,323,0,0,0,3
168,123,0,0,431,0,543,0,321,322,321,322,322,0,221,321,121,432,0,0,0,3
972,231,0,0,333,443,333,0,323,222,333,332,0,543,333,433,444,322,433,0,554,21
367,545,0,0,445,222,455,0,454,555,344,445,0,0,111,345,112,445,111,0,0,2
424,0,0,0,342,333,443,0,232,554,332,432,121,333,242,333,111,432,353,0,0,5
971,223,0,0,233,555,323,0,333,334,223,344,0,223,444,433,333,233,0,0,222,21
753,434,0,0,213,455,453,0,212,555,343,223,555,555,111,343,555,342,0,0,0,6
430,555,0,0,112,0,335,0,345,222,335,445,0,0,222,345,223,235,0,0,545,17
58,423,0,212,443,223,233,0,212,323,322,223,323,323,445,433,433,222,0,0,234,6
628,345,0,0,444,344,344,0,344,344,354,544,232,233,454,344,344,444,123,0,222,24
301,0,0,0,432,0,554,0,443,222,334,454,0,223,432,343,223,454,0,0,0,15
177,0,0,322,522,231,232,0,232,332,432,432,0,0,111,332,211,432,212,0,312,16
867,223,0,0,455,455,222,0,321,222,443,344,0,234,334,344,211,333,0,455,434,23
580,554,0,0,454,221,333,0,222,444,443,443,111,333,332,333,221,443,353,0,243,2
661,444,0,0,432,335,334,0,444,334,333,334,0,0,431,444,343,333,433,111,455,21
83,0,0,0,111,111,543,0,221,242,221,322,0,0,0,321,433,432,0,0,0,19
825,333,0,0,424,121,442,0,312,444,443,212,454,352,223,344,443,233,0,0,334,6
795,222,0,0,232,232,333,0,322,443,233,554,332,231,232,342,454,222,0,0,0,6
130,332,0,0,121,321,222,0,232,333,443,433,0,0,111,333,111,221,0,0,412,21
801,445,0,0,211,222,334,0,224,322,212,212,333,333,335,433,333,223,0,0,111,6
791,444,0,0,334,343,334,0,223,445,223,333,443,444,344,443,443,322,434,0,0,5
945,231,0,0,222,211,333,235,433,332,323,323,0,211,435,433,223,323,0,0,121,24
669,111,0,0,544,0,444,0,344,421,333,443,0,0,355,333,545,333,444,0,0,15
405,345,0,0,445,0,111,0,111,434,334,433,445,0,0,434,233,122,0,0,453,6
688,344,0,444,132,0,333,0,442,442,321,322,0,0,443,332,322,432,0,0,433,16
989,121,0,0,233,333,343,0,454,242,333,433,0,433,543,343,454,333,0,0,211,24
600,222,0,0,112,211,233,0,234,344,334,223,0,0,223,444,233,224,111,0,223,21
967,422,0,0,333,343,333,0,454,443,332,112,323,111,443,453,312,332,111,0,333,6
267,342,0,0,453,335,344,0,453,234,344,455,0,334,454,354,453,455,0,0,442,24
529,111,0,0,223,0,555,0,345,232,345,223,345,111,221,344,332,445,0,0,0,19
606,243,0,0,454,232,332,0,111,434,452,453,0,0,222,342,121,352,0,0,111,3
621,0,0,0,344,555,455,0,455,112,355,355,0,112,345,354,334,355,222,0,0,21
307,333,0,0,233,443,232,0,222,543,432,242,0,531,333,332,112,332,224,0,0,5
955,0,0,0,334,222,333,0,334,121,224,234,0,0,343,434,223,233,242,0,0,14
882,0,0,0,111,0,442,0,223,221,311,111,0,0,111,432,0,332,0,0,0,19
803,334,0,0,242,445,555,0,223,332,334,345,334,445,322,334,444,334,0,0,344,6
124,0,0,0,323,111,212,0,322,334,433,434,0,0,0,323,323,233,0,0,445,22
188,443,0,0,552,0,112,0,122,221,432,121,0,0,223,321,221,431,0,0,0,17
70,0,0,123,533,223,343,0,323,322,333,233,0,211,343,333,455,322,0,0,111,15
632,455,0,0,334,223,343,0,343,443,333,433,0,0,111,334,222,444,0,0,0,2
808,232,0,0,121,111,333,0,111,331,232,111,332,111,111,443,332,344,0,0,444,6
965,0,0,0,434,333,323,0,423,344,312,323,0,344,423,433,123,212,0,0,311,21
205,343,0,211,354,222,355,0,333,222,455,344,0,432,222,344,455,344,0,0,111,24
414,111,0,0,121,111,111,0,111,111,111,111,0,233,0,421,0,111,0,0,0,10
317,0,0,0,223,0,443,0,553,112,322,222,111,231,222,322,221,312,0,0,0,19
4,0,0,0,434,412,312,0,422,444,212,233,423,0,223,333,221,333,332,0,0,5
56,122,0,0,442,222,433,0,442,333,332,333,333,0,333,333,232,222,444,0,0,5
431,0,0,0,552,0,455,0,455,443,344,355,0,0,455,344,455,455,0,0,212,15
589,355,0,0,223,111,332,0,443,232,334,334,223,122,542,334,221,334,223,0,111,5
310,111,0,0,232,444,222,0,222,234,434,233,0,231,312,333,233,334,412,0,344,21
359,352,0,0,555,0,344,0,222,555,122,122,111,0,122,344,111,143,0,0,123,17
491,0,0,0,111,212,544,0,334,111,233,222,0,0,112,334,222,344,0,0,0,19
394,0,0,0,111,0,222,0,123,121,422,211,0,344,0,322,222,421,0,0,0,19
198,554,0,0,443,344,332,0,212,121,443,343,0,112,112,222,333,453,0,0,0,2
17,0,0,0,232,0,333,0,112,544,111,223,0,212,444,433,343,332,0,0,223,19
617,545,0,0,111,0,222,0,333,222,434,424,0,0,0,324,111,434,323,0,0,3
721,323,112,0,344,334,333,0,233,455,444,244,0,344,244,344,343,243,443,0,223,5
54,111,0,433,222,542,212,0,422,444,312,422,0,111,212,322,111,323,0,0,111,16
471,335,0,0,545,344,423,0,534,423,334,344,111,223,434,334,333,244,112,223,445,6
59,0,0,111,334,232,444,0,323,434,223,223,0,0,332,434,443,323,0,0,0,15
102,234,0,0,0,233,222,0,332,112,442,554,0,0,0,321,222,321,342,0,0,13
399,0,0,0,222,111,455,0,224,334,434,223,0,0,111,234,232,444,0,0,0,19
38,0,0,0,555,243,334,0,443,455,354,334,111,0,111,334,312,354,455,0,554,21
33,221,0,0,111,0,433,0,211,344,333,344,0,0,531,333,443,333,0,0,0,19
611,0,0,0,445,111,454,0,445,224,224,455,0,0,324,345,111,455,0,0,0,15
436,223,0,0,212,212,223,0,344,232,433,343,0,232,223,323,444,423,434,0,223,5
432,112,0,0,0,0,233,0,243,222,332,441,0,0,0,322,345,332,0,0,0,19
689,343,0,0,222,111,333,0,455,355,234,233,0,0,455,434,323,234,0,0,112,17
614,0,0,0,333,345,111,0,0,234,233,111,0,0,0,442,0,232,0,0,0,10
1,0,0,0,221,0,222,0,221,443,122,111,0,111,211,432,121,222,0,0,0,19
143,0,0,0,0,0,432,0,331,111,431,443,0,0,0,221,0,211,552,0,0,14
651,0,0,0,413,0,344,0,223,111,113,234,345,0,111,433,0,334,0,0,0,11
968,211,0,0,334,312,344,0,354,212,243,332,223,311,111,433,223,222,223,0,0,5
167,331,0,0,542,0,213,0,335,111,322,212,0,0,223,323,0,423,0,0,0,3
827,212,0,0,111,323,411,0,422,322,311,111,223,112,111,322,222,311,0,0,0,19
123,122,0,0,332,0,221,0,231,111,332,443,0,0,331,321,222,221,0,0,0,3
218,111,0,0,333,0,111,0,344,111,455,335,0,0,555,355,455,455,0,0,0,3
535,121,0,0,344,233,333,0,232,221,433,333,0,0,0,333,222,333,223,0,445,21
271,0,0,0,111,0,444,0,334,121,324,334,0,111,233,333,342,443,0,0,0,19
652,541,0,0,122,231,324,0,532,443,223,423,0,243,544,322,335,223,233,0,223,5
94,223,0,0,443,0,222,0,322,111,222,543,0,0,111,321,543,222,0,0,0,11
191,0,0,0,531,0,111,0,111,111,421,111,0,0,221,211,111,421,121,0,0,11
962,0,0,0,222,111,322,0,211,212,211,333,222,0,332,322,444,211,211,0,0,19
219,455,0,0,431,0,355,0,345,431,444,334,0,0,345,334,0,344,0,0,0,3
553,111,0,0,334,0,443,0,554,432,223,334,0,0,0,333,111,323,0,0,0,19
133,545,0,0,111,0,112,0,222,343,333,433,0,0,111,322,232,323,0,0,0,3
108,0,0,0,421,0,211,0,422,211,321,432,0,0,0,211,532,311,422,0,0,14
385,0,0,0,0,555,323,0,333,555,345,112,0,0,0,224,211,345,0,0,555,21
422,555,0,0,0,223,222,0,222,111,444,332,0,112,111,232,112,342,0,0,0,17
419,0,0,0,445,0,234,0,233,445,445,455,0,223,224,335,0,235,0,0,0,3
893,454,0,0,455,111,234,0,344,212,445,223,0,111,455,344,555,334,334,0,112,5
343,555,0,0,433,0,454,0,455,354,344,333,0,431,241,344,212,455,0,0,111,24
203,0,0,0,542,0,111,0,122,111,432,111,0,0,0,312,111,321,111,0,0,11
671,111,0,0,222,232,322,0,111,444,222,222,111,0,0,333,434,111,443,0,311,21
68,0,0,0,444,212,455,0,213,333,333,323,224,0,544,323,444,333,444,0,0,5
874,111,0,0,455,333,345,0,455,222,354,454,0,234,555,244,445,344,0,0,0,15
39,111,0,0,232,112,343,0,122,445,333,244,0,111,443,334,454,234,555,0,112,5
708,445,0,0,122,0,543,0,332,232,322,223,0,0,332,222,221,222,122,0,0,17
415,555,0,0,443,0,233,0,344,223,343,111,0,0,224,223,111,443,0,0,0,17
901,453,0,0,344,231,222,0,111,334,333,222,232,223,455,333,333,222,0,0,333,6
297,123,0,0,221,555,244,0,345,554,244,455,0,0,454,244,344,354,223,0,532,21
595,0,0,0,243,323,323,0,232,333,233,344,0,0,323,333,433,334,111,0,555,21
85,223,0,0,221,0,333,0,333,323,345,445,221,422,111,344,422,345,222,0,455,6
875,0,0,0,445,131,433,0,433,121,424,323,0,0,221,213,0,323,0,0,0,3
966,111,0,442,333,343,333,0,454,332,333,222,0,0,211,333,0,233,0,0,111,16
141,0,0,0,221,0,211,0,111,112,111,222,0,111,0,431,322,211,0,0,344,22
155,0,0,0,541,0,211,0,221,0,321,111,0,0,0,211,111,421,242,0,0,11
416,0,0,0,111,112,233,0,245,0,333,123,0,0,223,444,344,233,0,0,0,19
517,343,0,0,323,222,222,0,334,111,212,442,0,0,0,322,0,432,0,0,0,3
743,223,0,0,221,555,354,0,344,443,233,333,454,354,454,343,454,233,545,0,0,5
332,0,0,0,111,0,211,0,0,0,211,221,0,0,0,432,421,211,0,0,0,0
7,212,0,0,332,521,333,0,223,332,322,333,0,211,334,333,454,322,0,331,333,23
963,435,0,0,111,211,234,0,224,233,111,433,111,111,445,323,322,223,544,0,141,5
76,453,0,0,354,322,343,431,244,334,243,333,111,122,222,343,455,343,0,0,0,20
690,453,0,0,223,233,333,0,455,323,444,224,311,411,324,234,333,224,111,0,555,6
584,332,0,0,233,345,323,0,243,322,334,343,0,111,112,334,333,234,0,112,444,21
303,0,0,0,121,111,222,0,222,312,422,121,0,0,232,222,333,322,0,0,0,19
736,343,0,0,223,344,443,0,344,443,332,323,454,453,334,333,444,233,112,0,334,6
360,0,0,0,424,111,323,0,223,111,323,111,0,0,0,322,323,313,121,0,0,11
925,111,0,0,335,111,434,0,334,122,334,444,0,0,445,323,212,324,0,0,0,3
242,0,0,0,111,111,224,0,233,234,445,345,234,233,0,345,224,345,0,0,0,19
227,0,0,0,121,332,322,0,321,332,432,111,0,211,111,332,111,221,0,0,0,19
625,131,0,0,454,0,432,0,541,0,231,221,0,0,0,221,0,331,0,0,0,11
448,334,0,0,343,344,344,0,444,233,344,443,0,232,344,234,454,344,0,0,0,24
193,0,0,0,421,521,222,0,433,211,333,111,0,0,222,212,443,312,0,0,0,14
565,222,0,0,233,355,334,0,344,433,345,454,0,0,111,245,444,355,345,0,344,21
417,0,0,0,455,113,555,0,445,222,113,335,0,0,234,224,232,235,0,0,0,19
345,0,0,0,111,0,234,0,334,344,323,422,0,0,224,323,111,333,0,0,0,3
181,554,0,0,432,0,443,0,212,211,332,322,0,0,111,211,212,321,0,0,0,17
429,0,0,0,0,0,333,0,222,222,323,211,0,0,321,223,444,434,0,0,0,19
543,444,0,0,242,0,333,0,444,343,333,244,0,131,223,333,0,223,345,0,0,3
502,443,0,0,434,0,322,0,434,212,212,323,0,0,311,323,0,323,0,0,0,3
115,0,0,0,322,0,222,0,332,111,333,444,0,0,0,222,432,111,0,0,0,11
540,112,0,0,122,212,324,0,333,111,322,224,0,0,223,323,112,323,0,0,0,19
561,0,0,0,444,0,111,0,112,431,111,432,0,0,0,211,0,422,0,0,0,11
489,0,0,0,0,0,333,0,434,121,333,323,233,0,0,223,332,323,0,0,0,19
355,455,0,0,111,0,335,0,455,345,234,224,0,231,0,335,0,224,0,0,0,19
176,312,0,0,211,0,131,0,221,311,311,412,0,0,0,211,221,311,0,0,0,3
55,0,0,0,112,421,222,0,321,333,221,433,0,442,241,322,332,322,433,0,0,5
165,0,0,0,221,0,443,0,0,0,321,0,0,0,0,321,0,111,0,0,0,0
861,0,0,0,355,531,345,0,344,234,345,345,345,345,455,335,122,345,0,0,0,6
170,212,0,0,531,0,111,0,211,0,311,211,0,0,0,211,0,311,0,0,0,11
106,0,0,0,422,0,211,0,421,112,211,432,0,0,0,221,422,311,0,0,111,11
158,0,0,0,444,0,233,0,344,111,322,343,0,0,0,222,344,333,0,0,0,11
353,555,0,0,0,111,333,0,433,234,223,333,0,111,0,333,121,334,0,0,111,19
919,0,0,0,455,0,543,0,343,221,234,111,0,431,455,233,342,233,0,0,0,19
912,334,0,0,344,233,233,0,344,233,343,433,233,0,454,233,333,243,112,233,455,21
698,0,0,0,323,0,242,0,355,111,354,355,0,0,0,344,455,354,0,0,0,11
164,0,0,0,323,223,343,0,343,331,333,322,0,0,342,223,0,333,0,0,0,3
126,453,0,0,532,111,322,0,322,344,333,331,0,0,0,223,0,334,0,0,0,3
194,0,0,0,542,0,111,0,111,221,321,221,0,0,0,221,111,321,0,0,0,11
109,0,0,0,234,0,333,0,443,322,322,432,222,232,0,222,222,322,0,0,0,19
714,0,0,0,541,0,432,0,323,221,333,322,0,0,112,122,332,333,0,0,0,11
454,455,0,0,234,311,233,0,234,455,354,352,0,344,322,354,233,354,0,0,0,24
327,555,0,0,212,333,445,0,223,444,224,223,0,0,333,334,434,235,0,0,111,17
863,112,0,0,224,512,411,0,311,224,211,312,111,111,234,212,431,313,0,0,545,21
309,211,0,0,232,0,111,0,322,111,433,321,232,0,112,211,211,111,543,0,111,14
687,0,0,0,221,0,121,0,111,453,131,342,0,0,111,321,0,231,0,0,121,3
539,553,0,0,111,0,334,0,334,354,213,253,0,0,0,344,345,344,0,0,0,17
616,111,0,0,322,0,111,0,111,322,111,421,0,111,222,211,111,311,222,0,0,3
287,323,0,0,222,223,433,0,323,223,223,222,0,222,422,213,433,323,112,112,122,17
238,0,0,0,235,222,344,0,443,222,323,212,0,0,0,222,121,222,0,0,0,19
530,0,0,0,223,0,332,0,442,334,232,221,0,0,0,322,322,233,0,0,122,19
142,0,0,0,355,0,222,0,443,223,343,332,0,0,0,234,112,233,0,0,232,11
452,234,0,0,132,111,432,0,443,232,222,333,0,112,0,222,233,332,0,0,0,19
447,233,0,0,455,0,233,0,344,454,243,333,0,455,233,234,222,344,0,0,0,3
127,0,0,0,111,0,211,0,222,322,211,332,0,0,0,311,121,211,0,0,222,22
881,0,0,0,345,221,223,0,333,111,344,242,0,0,443,332,211,242,323,0,0,14
375,111,0,0,121,223,224,0,111,222,232,335,0,0,111,333,0,224,0,0,111,3
500,0,0,0,222,111,323,0,222,344,233,234,0,445,121,333,0,333,112,0,0,19
157,242,0,0,542,0,111,0,111,112,322,222,0,111,111,211,0,322,422,0,0,11
400,0,0,0,221,553,222,0,321,223,322,222,0,0,433,221,332,332,0,0,0,14
506,534,0,0,122,0,222,0,223,223,353,112,121,111,222,252,122,352,0,0,111,17
637,0,0,0,453,0,323,0,323,212,242,111,0,0,444,333,0,343,233,0,0,14
408,0,0,0,111,0,233,0,213,122,112,334,0,0,112,332,111,222,223,0,0,0
328,0,0,0,233,0,243,0,323,353,342,443,0,0,223,232,0,332,0,0,0,3
483,111,0,0,332,111,211,0,211,223,311,433,0,111,0,212,111,212,122,0,0,3
435,0,0,0,0,0,455,0,211,243,234,244,0,0,0,233,355,344,0,0,0,19
352,0,0,0,355,222,344,0,345,455,355,344,0,0,324,245,121,355,0,0,0,3
883,0,0,0,333,0,111,0,121,111,432,223,0,0,443,222,0,222,323,0,0,14
642,233,0,211,122,332,223,0,233,344,334,323,0,223,322,223,323,324,223,0,212,21
715,0,0,0,343,544,322,0,232,0,221,444,0,0,0,222,0,322,0,0,0,11
566,0,0,0,455,122,334,0,112,323,244,333,0,235,0,234,0,345,311,0,0,11
160,231,0,0,542,0,131,0,341,121,331,121,0,0,121,221,221,321,212,0,0,11
707,221,0,0,111,121,222,0,334,222,223,322,0,111,0,323,221,223,0,0,0,19
608,0,0,0,122,231,112,0,331,222,331,331,0,0,0,221,0,331,0,0,0,3
104,0,0,0,322,0,354,0,322,354,312,322,0,0,0,232,332,211,434,0,0,14
244,554,0,0,353,445,211,0,345,445,223,454,0,123,112,243,311,243,0,0,0,2
161,0,0,0,332,0,332,0,444,322,234,333,111,0,442,222,111,322,0,0,0,3
679,0,0,0,321,0,313,0,323,0,111,312,0,0,212,212,434,212,334,0,0,14
358,0,0,0,223,0,433,0,212,324,223,222,0,112,223,212,111,323,431,0,0,19
240,0,0,0,112,112,345,0,355,222,355,244,0,0,335,245,0,345,0,0,0,19
564,111,0,0,333,431,0,0,111,0,321,111,0,0,0,211,0,211,0,0,541,22
237,0,0,0,0,0,344,0,111,111,332,111,0,0,0,222,0,213,0,0,0,0
230,0,0,0,212,242,324,0,325,455,345,133,0,0,335,245,111,245,111,0,221,19
593,0,0,0,243,0,444,0,345,344,223,444,0,0,335,224,223,334,0,0,0,19
654,0,0,0,222,0,322,0,442,233,221,111,0,0,0,222,222,221,551,0,0,14
333,0,0,0,212,0,222,0,312,111,212,111,334,0,0,312,111,212,0,0,0,0
144,0,0,0,112,212,344,0,455,421,345,323,0,112,345,234,222,245,0,0,434,21
475,0,0,0,111,223,334,0,455,212,334,222,0,111,111,224,221,334,0,0,0,19
493,111,0,0,122,0,343,0,444,222,244,333,0,0,111,234,355,344,0,0,0,19
701,0,0,0,0,111,234,0,344,111,123,345,0,0,0,323,222,233,333,0,0,14
213,233,0,0,212,0,245,0,455,0,344,224,0,0,335,224,111,334,444,0,0,14
536,111,0,0,111,442,111,0,232,111,221,411,0,0,0,211,211,321,0,0,541,22
342,122,0,0,322,111,223,0,455,334,234,345,0,344,0,245,111,235,0,0,0,19
607,0,0,0,433,0,222,0,111,433,232,111,0,0,0,232,554,122,0,0,0,11
163,0,0,0,321,0,432,0,111,243,211,111,0,0,0,211,0,311,0,0,0,11
337,0,0,0,111,0,111,0,111,211,111,0,0,0,0,331,0,111,0,0,0,10
649,0,0,0,222,112,422,0,432,123,111,111,0,0,312,211,0,111,232,0,0,14
302,334,0,0,0,0,544,0,111,111,111,111,0,0,0,111,211,111,0,0,0,0
648,111,0,0,344,0,323,0,334,432,334,221,0,0,111,222,433,333,0,0,211,19
381,0,0,0,111,222,344,0,334,222,244,232,0,111,111,244,222,244,0,0,0,19
216,0,0,0,111,211,322,0,311,0,311,311,0,0,0,211,211,311,211,0,0,14
173,111,0,0,111,0,211,0,112,0,211,211,111,0,332,311,233,111,0,0,0,0
620,321,0,0,444,112,122,0,223,221,244,234,0,0,221,243,344,354,0,0,0,17
484,0,0,0,111,0,213,0,333,333,344,232,0,0,323,222,0,333,0,0,0,19
172,0,0,0,531,111,221,0,211,324,211,121,0,0,111,211,0,322,0,0,0,11
215,0,0,234,332,333,232,0,333,444,222,222,0,541,323,222,232,332,0,0,0,16
622,111,0,0,232,0,123,0,234,223,212,451,0,112,224,232,111,342,0,0,211,3
119,333,0,0,322,111,111,0,222,243,232,433,0,0,0,222,443,222,0,0,0,11
668,0,0,0,321,0,222,0,322,221,111,323,0,111,222,211,433,211,334,0,111,14
437,111,0,0,122,232,122,0,232,233,312,111,0,0,111,222,332,322,0,0,223,22
653,0,0,0,111,0,211,0,211,223,111,111,0,0,0,321,0,111,0,0,111,0
857,111,0,0,344,0,211,0,111,223,321,222,0,0,332,222,311,222,0,0,344,17
183,0,0,0,211,111,211,0,323,322,111,111,0,321,0,311,0,211,0,0,0,19
876,221,0,0,455,0,112,0,212,122,345,111,0,122,555,134,111,245,0,0,0,17
501,0,0,0,0,432,222,0,332,111,323,322,0,0,111,112,323,223,411,0,0,14
12,455,0,0,443,221,223,0,232,333,112,211,0,421,0,332,222,122,0,0,211,17
576,0,0,0,452,0,332,0,112,111,141,111,0,0,0,231,222,241,0,0,0,11
449,0,0,0,111,0,111,0,111,0,211,421,0,0,112,211,0,311,0,0,0,0
597,0,0,0,323,121,322,0,323,212,212,322,0,345,112,212,211,323,441,0,431,21
494,111,0,0,222,0,111,0,222,111,311,112,0,0,542,111,111,111,0,0,0,17
62,411,0,0,111,432,111,0,111,333,231,454,0,0,221,232,222,221,121,0,0,3
460,0,0,0,111,455,233,0,244,223,123,244,0,224,232,244,555,223,0,0,0,19
703,0,0,0,111,211,222,0,222,221,343,212,0,0,111,222,0,342,0,0,0,19
178,0,0,0,441,0,211,0,222,223,321,221,0,0,0,221,221,321,0,0,223,11
103,0,0,0,333,0,121,0,342,433,211,321,0,0,121,222,443,222,0,0,111,11
461,0,0,0,0,0,222,0,332,333,243,121,0,0,122,233,0,343,0,0,0,19
341,445,0,0,212,112,212,0,223,242,223,244,0,0,0,233,445,133,0,0,0,17
920,231,0,0,123,0,223,0,111,332,211,221,111,0,233,222,221,211,442,0,0,14
531,232,0,0,345,0,234,0,334,233,244,344,233,335,334,234,121,334,0,0,231,3
370,0,0,0,111,0,232,0,112,111,343,242,0,0,0,232,0,343,0,0,0,0
402,0,0,0,112,445,355,0,355,222,255,132,0,0,335,244,111,355,0,0,445,21
525,0,0,0,111,0,334,0,334,234,223,233,0,245,0,223,334,323,0,0,0,19
704,0,0,0,333,0,222,0,334,0,222,334,0,0,111,223,333,222,0,0,0,11
908,111,0,125,211,0,121,0,332,232,222,232,0,0,111,333,111,122,0,0,0,0
383,0,0,0,112,0,224,0,335,455,223,222,0,0,324,234,335,344,0,0,422,22
116,0,0,0,432,111,111,0,121,323,222,434,0,0,0,211,333,211,332,0,0,11
510,0,0,132,452,111,343,0,334,222,233,223,0,0,121,223,344,243,0,0,0,11
923,555,0,0,345,0,123,0,345,112,235,222,0,0,455,234,0,235,445,0,0,17
896,0,0,0,345,421,211,0,111,0,222,111,0,0,324,322,0,111,0,0,0,10
88,0,0,0,222,0,343,0,343,244,233,344,0,212,111,122,222,223,0,0,0,19
702,0,0,0,111,0,111,0,111,0,111,0,0,111,0,311,0,111,0,0,0,10
344,122,0,0,111,0,355,0,222,323,232,0,0,0,0,222,111,222,0,0,0,19
277,0,0,0,212,0,432,0,111,0,241,111,0,0,111,111,122,111,0,0,0,0
905,0,0,0,345,0,233,0,345,233,234,211,0,243,345,234,444,234,0,0,0,19
466,211,0,0,122,0,343,0,232,111,342,111,0,0,111,122,222,233,0,0,433,22
390,0,0,0,454,555,222,0,354,122,243,212,0,0,112,232,0,243,334,0,0,14
636,231,0,0,111,0,231,0,443,342,211,312,0,0,241,222,211,222,0,0,0,19
910,111,0,0,111,0,121,0,222,0,321,222,0,0,122,221,111,121,0,0,0,0
361,243,0,0,232,0,232,0,232,333,232,232,0,432,121,233,232,232,0,0,233,19
504,0,0,0,222,0,433,0,111,333,233,111,0,0,322,122,332,233,0,0,0,19
917,344,0,0,344,111,222,0,222,233,233,223,344,0,454,244,111,344,0,0,112,17
217,0,0,0,111,0,344,0,234,122,234,222,0,0,223,233,111,234,0,0,0,19
485,334,0,0,434,0,322,0,232,331,222,232,0,0,441,222,111,212,0,0,0,17
886,212,0,0,344,0,212,0,212,0,123,121,0,0,443,233,211,234,0,0,0,17
159,0,0,0,222,0,111,0,512,0,111,0,0,0,0,211,223,111,0,0,0,0
384,0,0,0,234,223,334,0,333,111,224,111,0,0,222,223,121,234,0,324,0,19
254,0,0,0,111,0,121,0,233,111,222,332,0,0,0,222,111,222,0,0,0,0
81,111,0,0,233,0,322,0,322,113,222,333,0,0,111,222,0,121,211,0,222,0
320,112,0,0,111,0,112,0,111,344,243,454,0,455,244,243,0,143,0,0,0,3
692,0,0,0,333,0,122,0,243,111,231,233,0,0,0,222,243,232,0,0,0,11
745,322,0,0,344,212,223,0,232,222,122,223,323,223,111,223,323,223,0,0,0,17
695,0,0,0,0,0,223,0,334,445,224,224,0,0,324,224,131,234,0,0,0,19
613,0,0,0,111,0,321,0,111,121,211,321,0,0,121,111,111,211,0,0,0,0
879,222,0,0,235,0,112,0,234,0,113,111,0,0,345,224,222,113,0,0,0,17
366,234,0,0,0,0,334,0,445,0,234,123,0,0,0,234,111,235,0,0,0,0
936,0,0,0,212,222,222,0,223,111,212,222,0,221,211,232,323,112,432,0,0,14
291,555,0,0,111,0,344,0,123,223,212,212,0,0,223,222,223,212,0,0,0,17
180,111,0,0,311,0,121,0,322,211,311,211,0,0,0,211,0,211,212,0,0,11
915,112,0,0,112,111,111,0,111,121,322,111,111,0,223,222,111,122,0,0,0,10
845,222,0,0,342,0,332,0,211,211,231,221,0,0,453,232,111,232,0,0,0,17
275,112,0,0,0,0,121,0,132,0,233,223,0,0,0,222,111,213,0,0,0,0
569,243,0,0,333,0,311,0,421,112,221,122,0,0,0,222,111,121,0,0,122,17
482,444,0,0,324,111,122,0,121,213,223,122,0,0,131,222,0,122,111,0,0,17
293,111,0,0,243,223,223,0,223,222,233,222,0,0,233,222,111,233,0,0,111,17
913,111,0,0,422,334,122,0,233,111,211,223,0,335,211,222,111,222,0,0,0,11
268,0,0,0,121,444,221,0,343,0,222,321,0,0,111,111,121,222,0,0,554,22
323,0,0,0,321,341,221,0,222,0,122,222,0,0,0,222,343,222,0,0,451,22
239,331,0,0,233,0,123,0,233,233,222,332,232,344,112,122,443,233,0,0,0,17
633,0,0,0,433,0,121,0,121,232,222,233,0,233,0,122,211,222,0,0,0,11
546,223,0,0,223,0,323,0,223,331,234,122,0,0,222,224,212,244,0,0,0,17
114,342,0,0,221,0,212,0,222,212,222,223,221,331,332,222,221,212,112,0,0,17
450,111,0,0,433,0,222,0,323,444,112,111,0,0,111,213,343,112,0,0,0,11
278,0,0,0,222,111,232,0,332,222,222,221,111,0,222,122,0,222,0,0,342,22
350,0,0,0,0,0,111,0,121,321,222,333,0,0,0,233,0,222,0,0,0,0
368,0,0,0,111,0,212,0,223,112,323,111,0,0,0,222,0,123,111,0,0,0
514,0,0,0,112,0,224,0,335,0,234,244,111,0,335,123,0,224,0,0,0,0
643,0,0,0,245,112,222,0,222,121,133,111,0,0,0,232,111,123,0,0,0,10
572,345,0,0,455,0,224,0,355,0,234,112,0,0,335,134,111,244,0,0,335,17
185,0,0,0,311,0,222,0,222,331,211,221,0,0,0,211,111,221,0,0,212,22
426,0,0,0,432,0,332,0,232,0,121,111,0,0,0,111,223,222,0,0,0,11
440,0,0,0,343,231,333,0,121,121,122,332,0,0,112,111,344,232,0,0,442,22
166,332,0,0,321,0,231,0,342,322,211,111,0,0,423,111,334,212,0,0,243,17
376,0,0,0,111,0,334,0,213,0,224,111,0,0,223,123,211,234,0,0,322,22
869,122,0,0,343,0,244,0,112,234,133,112,0,0,453,234,0,345,0,0,132,17
229,334,0,0,332,0,111,0,111,112,233,222,0,0,111,233,111,233,211,0,0,17
549,0,0,0,111,0,234,0,345,344,244,243,0,454,233,123,223,133,111,0,0,19
334,0,0,0,345,0,332,0,122,233,122,222,0,0,231,223,334,233,0,0,234,22
365,0,0,0,111,0,333,0,222,113,113,322,0,224,0,112,223,223,0,0,0,0
911,112,0,0,112,111,334,0,323,334,124,222,0,121,334,224,112,235,112,0,223,19
154,0,0,0,441,0,111,0,111,132,221,0,0,0,0,111,0,221,0,0,0,10
710,0,0,0,212,0,211,0,111,0,321,211,0,0,0,111,0,111,443,0,0,0
866,344,0,0,213,311,222,0,333,0,212,122,0,0,232,223,344,112,111,0,0,17
439,0,0,0,0,0,111,0,111,0,222,0,0,0,0,211,0,111,0,0,0,0
201,0,0,0,333,0,221,0,121,0,222,231,0,0,0,121,221,232,0,0,0,11
888,121,0,0,312,111,212,0,123,232,212,112,0,122,222,212,112,212,122,0,0,10
259,455,0,0,111,232,333,0,344,111,112,222,0,0,111,122,231,223,0,0,0,17
231,0,0,0,223,113,344,0,233,322,212,332,0,0,111,112,121,122,0,0,0,19
547,0,0,0,111,111,121,0,222,0,111,322,0,0,211,111,0,211,0,0,522,22
930,0,0,0,233,111,333,0,332,0,121,334,0,0,344,122,333,223,0,0,0,19
220,222,0,0,0,231,221,0,232,0,111,345,0,231,0,123,333,233,0,0,0,0
900,121,0,0,331,0,322,0,111,0,221,122,0,131,441,111,112,221,233,0,0,17
37,0,0,0,111,111,111,0,111,211,211,111,0,0,0,211,0,211,0,0,0,10
82,0,0,0,111,0,122,0,224,223,222,344,0,0,223,122,111,111,341,0,0,0
520,0,0,0,111,0,222,0,212,111,222,111,0,0,222,212,0,223,221,0,0,0
528,111,0,0,122,0,111,0,121,0,111,111,0,0,0,222,111,112,0,0,0,10
631,0,0,0,222,0,232,0,112,421,211,212,111,232,111,111,111,111,0,0,534,22
645,0,0,0,112,111,121,0,111,0,232,343,0,0,111,222,0,111,0,0,0,0
251,0,0,0,111,0,122,0,222,111,122,333,0,0,223,211,0,112,0,0,0,0
563,0,0,0,312,0,221,0,222,111,211,111,0,111,211,111,111,211,111,0,0,10
393,0,0,0,112,0,223,0,111,111,124,111,0,0,111,255,122,234,232,0,0,0
87,341,0,0,422,223,111,0,112,111,111,222,0,0,111,111,0,211,0,0,0,10
873,453,0,0,121,0,111,0,111,111,111,111,0,0,221,221,122,121,111,0,0,10
364,445,0,0,112,111,223,0,224,334,123,233,0,0,224,112,111,223,0,0,221,17
266,0,0,0,344,334,211,0,211,422,121,233,0,0,0,122,232,222,0,0,455,22
282,0,0,0,322,221,111,0,111,223,111,232,0,212,0,222,222,111,0,0,435,22
346,0,0,0,111,111,233,0,233,131,233,333,0,0,223,122,0,113,123,0,0,0
812,232,0,0,233,455,223,0,121,222,122,122,232,111,0,222,332,112,0,0,0,10
853,222,0,0,233,222,323,0,323,212,223,223,0,111,333,112,223,212,233,0,112,14
907,0,0,0,111,0,332,0,442,111,112,111,0,0,112,121,111,112,0,0,0,0
508,232,0,0,455,223,111,0,221,112,112,222,0,0,0,222,112,122,0,0,0,10
409,0,0,0,122,0,222,0,222,0,222,221,0,0,111,122,0,233,111,0,0,0
284,0,0,0,0,0,111,0,111,0,233,111,0,0,0,211,0,111,0,0,0,0
599,223,0,0,222,333,233,0,212,343,112,111,0,0,332,122,122,222,0,0,0,17
638,0,0,0,122,112,111,0,111,111,133,453,0,223,111,233,0,133,0,0,0,0
557,552,0,0,234,0,111,0,112,111,111,111,0,223,0,211,0,111,0,0,0,10
713,0,0,0,0,0,321,0,432,0,112,111,0,0,0,111,121,112,0,0,0,0
380,112,0,0,0,0,212,0,121,323,223,112,0,0,0,113,334,224,0,0,545,22
101,0,0,0,333,111,111,0,111,322,111,222,0,342,111,212,111,111,111,0,0,10
182,331,0,0,322,0,243,0,224,111,233,112,0,0,223,122,354,132,0,0,432,17
122,111,0,0,111,0,222,0,212,333,222,233,0,0,111,122,0,112,442,0,0,0
153,0,0,0,431,0,111,0,111,0,211,111,0,0,0,111,111,211,0,0,0,10
457,0,0,0,0,0,222,0,233,0,312,111,0,0,0,111,0,111,445,0,0,0
145,0,0,0,111,0,121,0,211,111,211,321,0,0,0,111,0,112,132,0,0,0
120,0,0,0,111,0,222,0,332,0,234,323,0,0,0,123,111,133,112,0,0,0
490,0,0,0,0,0,111,0,111,111,212,355,0,223,0,122,111,112,211,0,0,0
420,445,0,0,0,0,222,0,233,121,112,343,0,0,111,122,322,212,244,0,311,17
224,0,0,0,0,222,255,0,223,343,234,244,0,0,132,133,355,244,0,0,0,19
856,335,0,0,335,0,111,0,111,112,223,112,0,0,345,113,0,223,0,0,233,17
558,0,0,0,212,455,112,0,223,0,122,354,0,0,0,133,112,242,345,0,0,14
887,0,0,0,224,0,222,0,223,0,112,111,0,0,222,221,224,111,0,0,112,0
581,112,0,0,222,222,222,0,212,323,112,223,0,0,222,212,223,112,111,112,232,22
512,0,0,0,233,0,443,0,211,223,111,111,111,0,0,111,122,111,0,0,344,22
382,0,0,0,111,111,321,0,421,121,111,111,0,0,111,111,211,111,0,0,0,0
340,0,0,0,0,0,212,0,232,0,123,112,0,0,111,222,0,222,0,0,0,0
403,111,0,0,345,0,222,0,222,223,111,111,0,223,0,123,111,122,0,0,0,10
335,0,0,0,111,0,234,0,345,334,123,112,0,0,234,123,335,123,111,0,231,22
865,554,0,0,131,333,111,0,111,111,121,222,0,0,231,111,111,221,111,0,0,17
700,0,0,0,111,0,111,0,232,0,221,333,0,0,111,111,0,111,0,0,0,0
465,0,0,0,211,111,111,0,122,111,332,122,0,111,0,111,0,111,0,0,0,10
555,0,0,0,112,0,231,0,121,0,111,111,0,0,0,211,0,211,0,0,0,0
245,443,0,0,0,0,111,0,111,0,211,321,0,0,0,121,111,211,0,0,0,0
197,111,0,0,221,234,122,0,234,111,232,222,0,0,223,112,233,122,0,0,0,10
693,0,0,0,0,323,233,0,254,112,133,244,0,112,111,122,355,133,0,0,0,0
189,0,0,0,221,0,221,0,332,322,111,111,0,0,311,111,0,111,112,0,0,0
260,0,0,0,0,0,322,0,122,0,111,212,0,0,0,111,0,211,0,0,0,0
110,333,0,0,0,0,111,0,111,111,212,321,0,0,0,111,0,111,0,0,0,0
234,0,0,0,111,0,111,0,222,111,232,111,0,0,111,111,211,111,121,0,0,0
113,112,0,0,111,111,222,0,112,222,121,222,0,0,222,112,221,122,0,0,232,22
272,0,0,0,0,0,122,0,122,323,122,212,244,0,212,122,0,122,223,0,0,0
884,0,0,0,342,0,111,0,211,111,121,111,0,0,451,111,0,121,0,0,0,10
150,0,0,0,211,0,232,0,111,111,211,111,0,0,0,111,111,211,0,0,0,10
243,0,0,0,221,0,111,0,111,232,121,232,0,0,332,121,222,231,0,0,0,10
858,222,0,0,333,111,111,0,111,212,111,221,0,323,0,111,0,211,0,0,0,10
281,0,0,0,0,0,222,0,323,111,112,221,0,0,0,112,123,112,0,0,0,0
294,0,0,0,0,0,222,0,232,343,123,222,0,0,0,123,111,123,0,0,0,0
321,0,0,0,0,111,122,0,111,344,233,233,0,111,231,112,112,123,223,0,0,0
588,112,0,0,222,355,132,0,223,233,122,233,0,111,112,122,222,122,211,112,355,22
392,0,0,0,111,0,111,0,111,112,111,111,0,0,0,211,0,111,0,0,112,10
91,121,0,0,222,455,111,0,122,111,232,253,0,0,0,131,221,131,0,0,0,10
232,0,0,0,222,0,323,0,222,0,111,112,0,0,0,111,111,112,0,0,0,0
711,0,0,0,0,0,321,0,221,0,111,211,0,0,0,111,0,211,0,0,0,0
596,0,0,0,122,111,122,0,123,122,111,232,0,112,111,122,223,122,223,0,0,10
296,0,0,0,112,231,231,0,342,223,111,122,0,0,0,112,111,111,0,0,334,22
634,0,0,0,234,0,111,0,112,121,222,111,0,0,0,111,0,122,0,0,0,10
492,0,0,0,113,0,111,0,131,223,122,221,0,0,223,111,111,122,0,0,0,10
283,0,0,0,221,0,222,0,332,111,111,111,0,0,0,111,232,121,0,0,553,22
590,433,0,0,354,0,122,0,0,221,142,233,0,0,222,121,0,142,0,0,0,10
574,233,0,0,454,0,111,0,122,222,142,111,0,0,111,131,111,142,0,0,0,10
329,0,0,0,0,0,111,0,111,112,222,211,0,0,111,112,222,122,0,0,0,0
298,111,0,0,0,131,111,0,111,111,111,111,0,0,0,222,0,111,0,0,0,10
862,0,0,0,311,0,111,0,111,0,111,0,0,0,411,111,111,111,0,0,0,10
326,0,0,0,223,0,222,0,345,0,111,111,0,0,0,123,0,112,0,0,0,0
640,0,0,0,454,0,111,0,111,111,131,111,0,0,0,111,111,241,0,0,0,10
125,0,0,0,112,0,111,0,111,123,111,332,0,0,0,111,0,111,0,0,455,22
922,111,0,0,212,223,222,0,233,222,112,112,111,111,222,112,322,112,232,0,0,14
629,211,0,0,111,121,212,0,212,211,112,212,0,224,111,111,222,112,111,0,111,10
518,0,0,0,111,0,111,0,211,0,111,0,0,111,111,111,0,111,0,0,0,10
926,0,0,0,355,0,0,0,111,354,132,121,0,0,455,121,111,132,0,0,0,10
550,0,0,0,0,0,211,0,321,111,111,111,0,0,0,111,0,111,131,0,0,0
258,0,0,0,224,344,132,0,112,212,122,122,0,234,112,122,0,122,0,0,432,22
532,222,0,0,432,0,111,0,111,0,111,111,0,0,0,121,0,221,0,0,112,10
554,0,0,0,333,355,111,0,132,122,123,244,0,224,0,122,111,133,0,0,0,10
418,0,0,0,312,111,111,0,111,0,111,0,0,0,0,111,0,211,0,0,0,10
286,233,0,0,332,112,111,0,122,222,111,122,0,0,111,111,0,111,0,0,0,10
916,111,0,0,231,344,111,0,122,111,121,233,0,0,332,121,343,111,0,0,444,22
717,0,0,0,111,0,232,0,122,231,111,231,0,0,112,111,0,121,0,0,0,0
716,222,0,0,0,0,112,0,221,0,111,111,0,0,0,111,111,111,0,0,0,0
892,223,0,0,0,0,111,0,111,111,211,111,0,0,0,111,0,111,111,0,0,10
285,0,0,0,0,0,222,0,211,0,111,111,0,0,0,111,0,111,0,0,0,0
473,0,0,0,111,0,222,0,334,212,112,122,0,0,0,112,222,112,0,0,345,22
269,0,0,0,212,323,121,0,231,332,111,121,0,0,341,111,111,121,0,0,0,10
140,111,0,0,111,232,111,0,121,0,111,121,0,0,0,111,112,111,0,0,342,22
877,0,0,0,233,0,112,0,123,222,122,122,0,0,222,122,111,112,0,0,222,10
612,0,0,0,233,0,0,0,111,211,111,111,0,0,0,111,0,111,0,0,444,22
276,222,0,0,0,0,122,0,223,0,112,111,0,0,111,122,0,123,0,0,0,0
265,454,0,0,0,0,111,111,111,111,111,232,0,0,111,111,0,111,0,0,0,10
349,0,0,0,0,0,111,0,0,0,221,0,0,0,0,111,0,111,0,0,0,10
868,0,0,0,224,0,111,0,0,0,122,233,111,0,334,112,0,112,0,0,0,10
507,0,0,0,0,0,223,0,223,0,111,0,0,0,0,111,0,111,0,0,0,0
311,0,0,0,0,0,111,0,0,111,211,111,0,0,0,111,0,111,0,0,0,10
860,121,0,0,232,0,111,0,111,221,111,111,111,0,232,111,232,121,0,0,343,22
233,0,0,0,0,0,111,0,211,0,112,111,0,0,0,111,0,112,0,0,0,0
478,234,0,0,122,121,112,0,233,111,111,112,0,0,111,112,223,112,0,0,0,10
410,0,0,0,112,0,224,0,234,223,113,123,0,0,335,112,0,123,0,0,0,0
411,0,0,0,122,0,111,0,111,334,122,111,0,0,0,112,233,122,121,0,0,10
541,0,0,0,0,0,221,0,221,0,111,111,0,0,0,111,111,111,0,0,0,0
646,0,0,0,243,324,111,0,111,112,132,112,0,111,222,121,0,132,0,0,0,10
300,0,0,0,113,111,112,0,113,111,212,111,0,0,224,111,0,111,0,0,0,10
850,232,0,0,221,0,111,0,122,111,111,121,0,0,232,111,222,111,0,0,0,10
464,223,0,0,111,0,111,0,111,223,111,111,0,0,0,111,0,111,0,0,0,10
289,232,0,0,251,0,241,0,111,111,121,111,0,0,0,111,0,111,343,0,0,10
186,0,0,0,321,0,0,0,0,0,111,0,0,0,0,111,0,111,0,0,0,10
455,0,0,0,342,0,111,0,112,111,111,111,0,0,0,111,0,121,0,0,0,10
697,342,0,0,111,0,132,0,141,111,121,242,0,0,0,111,242,121,0,0,0,10
372,0,0,0,0,0,123,0,224,0,113,111,0,0,0,113,0,123,0,0,0,0
709,323,0,0,211,0,0,0,0,112,111,111,0,323,0,111,0,111,0,0,0,10
398,0,0,0,0,0,111,0,111,0,121,111,0,0,0,111,0,121,0,0,0,0
526,222,0,0,0,112,111,0,111,0,132,112,0,0,0,111,0,111,0,0,0,10
604,0,0,0,233,0,121,0,121,111,122,111,0,0,243,111,111,122,0,0,0,10
151,111,0,0,211,112,131,0,111,211,111,111,0,0,0,111,0,111,0,0,0,10
870,0,0,0,112,0,111,0,112,0,122,233,111,0,222,111,111,111,0,0,0,0
644,0,0,0,123,0,111,0,111,123,122,111,0,0,0,112,0,122,0,0,0,10
556,0,0,0,233,212,111,0,111,112,111,111,0,0,0,111,222,111,0,0,0,10
373,111,0,0,221,0,111,0,111,0,111,111,0,0,0,111,311,111,0,0,0,10
538,0,0,0,111,0,111,0,121,112,111,121,0,0,0,111,0,111,0,0,0,10
610,0,0,0,221,0,111,0,111,0,111,111,0,111,0,111,0,111,0,0,0,10
312,0,0,0,123,0,111,0,111,111,111,242,0,122,0,111,0,111,0,0,0,10
623,0,0,0,121,0,112,0,122,111,111,111,0,0,133,111,0,111,0,0,0,10
388,0,0,0,0,0,111,0,111,234,111,111,0,0,212,111,221,111,231,0,0,0
978,0,0,0,111,0,111,0,111,111,111,111,0,0,112,111,111,111,0,0,0,10
413,0,0,0,0,344,112,0,111,122,112,122,0,0,0,111,111,111,0,0,0,10
699,0,0,0,0,0,121,0,132,0,111,131,0,0,0,111,232,111,0,0,0,0
579,0,0,0,111,0,111,0,111,111,112,111,0,0,0,111,0,112,0,0,0,10
844,111,0,0,111,0,0,0,111,0,111,0,0,0,111,111,0,111,0,0,0,10
582,0,0,0,112,212,111,0,111,121,111,122,0,223,0,111,111,111,0,0,0,10
228,0,0,0,0,0,111,0,111,234,111,0,0,0,0,111,0,112,0,0,0,10
647,0,0,0,0,0,0,0,111,111,111,0,0,0,0,111,0,111,0,0,0,10
592,0,0,0,111,0,111,0,111,0,111,0,0,0,0,111,0,111,0,0,0,10
117,0,0,0,0,0,111,0,111,112,111,221,0,111,0,111,0,111,0,0,0,0
290,0,0,0,111,0,111,0,111,0,111,111,0,0,0,111,0,111,0,0,0,10
111,234,0,0,111,112,111,0,111,111,111,111,0,0,0,111,0,111,0,0,223,10
467,0,0,0,111,122,111,0,111,112,111,111,0,0,0,111,122,111,0,0,0,10
562,0,0,0,223,111,0,0,111,211,112,111,0,0,0,111,0,111,111,0,0,10
487,111,0,0,0,0,111,0,111,111,111,111,0,0,0,111,0,111,0,0,0,10
480,0,0,0,111,0,111,0,0,111,111,111,0,0,0,111,0,111,0,0,0,10
889,0,0,0,112,0,111,0,111,111,111,0,211,0,112,111,0,111,0,0,0,10
226,0,0,0,0,0,111,0,111,0,111,0,0,0,0,111,0,0,0,0,0,10
169,111,0,0,0,0,111,0,111,121,111,0,0,0,0,111,231,111,0,0,0,10
909,0,0,0,121,0,111,0,111,111,111,0,0,0,121,111,112,111,0,0,0,10
587,223,0,0,111,0,0,0,0,0,111,111,0,0,0,111,0,111,0,0,0,10
578,0,0,0,111,0,111,0,111,0,111,111,0,0,0,111,0,111,0,0,0,10
468,0,0,0,0,0,111,0,111,0,111,0,0,0,0,111,0,111,0,0,0,10
252,0,0,0,0,0,0,0,111,0,111,111,0,0,0,111,0,111,0,0,0,10
295,0,0,0,0,0,0,0,0,0,111,0,0,0,0,111,0,111,0,0,0,10
137,111,0,0,0,0,111,0,111,0,111,111,0,0,111,111,111,111,0,0,0,0
